{
  "results": [
    {
      "task": "hard",
      "agent": "MultiPass",
      "score": 0.5549,
      "f1": 0.5455,
      "precision": 1.0,
      "recall": 0.375,
      "evidence_score": 0.7533,
      "remediation_score": 0.3333,
      "steps_taken": 28,
      "cumulative_reward": 0.7159999999999999,
      "breakdown": {
        "gap_f1": 0.2182,
        "evidence": 0.1883,
        "remediation": 0.0667,
        "severity": 0.0667,
        "conflict": 0.0,
        "efficiency": 0.015
      },
      "steps": 28,
      "success": false,
      "rewards": [
        0.0,
        -0.001,
        -0.002,
        -0.003,
        -0.004,
        -0.005,
        -0.006,
        -0.007,
        -0.008,
        -0.009000000000000001,
        -0.01,
        -0.011,
        0.188,
        0.047000000000000014,
        0.236,
        0.089,
        -0.016,
        -0.017,
        0.23199999999999998,
        0.10099999999999999,
        -0.02,
        -0.021,
        -0.022,
        -0.023,
        0.02599999999999999,
        -0.015000000000000001,
        0.023999999999999987,
        -0.027
      ]
    }
  ],
  "model": "Qwen/Qwen2.5-7B-Instruct",
  "seed": 42
}