{
  "results": [
    {
      "task": "easy",
      "agent": "MultiPass",
      "score": 0.7336,
      "f1": 1.0,
      "precision": 1.0,
      "recall": 1.0,
      "evidence_score": 0.4767,
      "remediation_score": 0.2222,
      "steps_taken": 14,
      "cumulative_reward": 0.8823333333333333,
      "breakdown": {
        "gap_f1": 0.4,
        "evidence": 0.1192,
        "remediation": 0.0444,
        "severity": 0.1,
        "conflict": 0.05,
        "efficiency": 0.02
      },
      "steps": 14,
      "success": true,
      "rewards": [
        0.01,
        0.009000000000000001,
        0.008,
        0.247,
        0.006,
        0.245,
        0.034,
        0.243,
        0.002,
        -0.029,
        0.12333333333333331,
        -0.0009999999999999992,
        -0.002,
        -0.013000000000000001
      ]
    },
    {
      "task": "medium",
      "agent": "MultiPass",
      "score": 0.6247,
      "f1": 0.8,
      "precision": 0.8,
      "recall": 0.8,
      "evidence_score": 0.528,
      "remediation_score": 0.1333,
      "steps_taken": 24,
      "cumulative_reward": 1.456,
      "breakdown": {
        "gap_f1": 0.32,
        "evidence": 0.132,
        "remediation": 0.0267,
        "severity": 0.08,
        "conflict": 0.05,
        "efficiency": 0.016
      },
      "steps": 24,
      "success": true,
      "rewards": [
        0.01,
        0.009000000000000001,
        0.008,
        0.007,
        0.006,
        0.005,
        0.004,
        0.243,
        0.002,
        0.241,
        0.0,
        0.239,
        0.07999999999999999,
        0.237,
        0.026000000000000002,
        0.185,
        0.024,
        0.03299999999999999,
        -0.008000000000000002,
        -0.009,
        -0.01,
        -0.011000000000000001,
        0.158,
        -0.023
      ]
    },
    {
      "task": "hard",
      "agent": "MultiPass",
      "score": 0.627,
      "f1": 0.75,
      "precision": 0.75,
      "recall": 0.75,
      "evidence_score": 0.5913,
      "remediation_score": 0.1875,
      "steps_taken": 36,
      "cumulative_reward": 1.5093333333333334,
      "breakdown": {
        "gap_f1": 0.3,
        "evidence": 0.1478,
        "remediation": 0.0375,
        "severity": 0.1,
        "conflict": 0.0267,
        "efficiency": 0.015
      },
      "steps": 36,
      "success": true,
      "rewards": [
        0.01,
        0.009000000000000001,
        0.008,
        0.007,
        0.006,
        0.005,
        0.004,
        0.003,
        0.002,
        0.0009999999999999992,
        0.24,
        0.029,
        0.238,
        0.027,
        0.236,
        -0.004999999999999999,
        0.23399999999999999,
        -0.007000000000000001,
        0.23199999999999998,
        0.021,
        -0.12000000000000001,
        0.047000000000000014,
        0.228,
        0.08099999999999999,
        -0.124,
        0.05500000000000003,
        0.10733333333333331,
        -0.017,
        -0.018000000000000002,
        -0.019000000000000003,
        -0.019999999999999997,
        -0.020999999999999998,
        -0.022,
        -0.023,
        0.10999999999999999,
        -0.035
      ]
    },
    {
      "task": "expert",
      "agent": "MultiPass",
      "score": 0.6276,
      "f1": 0.7778,
      "precision": 0.875,
      "recall": 0.7,
      "evidence_score": 0.5181,
      "remediation_score": 0.1964,
      "steps_taken": 50,
      "cumulative_reward": 2.688,
      "breakdown": {
        "gap_f1": 0.3111,
        "evidence": 0.1295,
        "remediation": 0.0393,
        "severity": 0.1,
        "conflict": 0.036,
        "efficiency": 0.0117
      },
      "steps": 50,
      "success": true,
      "rewards": [
        0.01,
        0.009000000000000001,
        0.008,
        0.007,
        0.006,
        0.005,
        0.004,
        0.003,
        0.002,
        0.0009999999999999992,
        0.0,
        -0.0009999999999999992,
        -0.002,
        -0.003000000000000001,
        -0.004,
        0.235,
        0.04400000000000001,
        0.23299999999999998,
        -0.008000000000000002,
        0.231,
        -0.01,
        0.229,
        -0.011999999999999999,
        0.227,
        0.019999999999999997,
        0.245,
        0.195,
        0.17300000000000001,
        0.17200000000000001,
        0.171,
        0.17,
        -0.020999999999999998,
        0.218,
        0.006999999999999999,
        0.086,
        0.009000000000000036,
        -0.05600000000000001,
        -0.056999999999999995,
        -0.057999999999999996,
        0.11099999999999999,
        0.10999999999999999,
        -0.031,
        -0.032,
        -0.033,
        -0.033999999999999996,
        -0.034999999999999996,
        -0.036,
        0.09699999999999999,
        0.132,
        -0.049
      ]
    },
    {
      "task": "blind",
      "agent": "MultiPass",
      "score": 0.3558,
      "f1": 0.2857,
      "precision": 1.0,
      "recall": 0.1667,
      "evidence_score": 0.55,
      "remediation_score": 0.0,
      "steps_taken": 15,
      "cumulative_reward": 0.1549999999999999,
      "breakdown": {
        "gap_f1": 0.1143,
        "evidence": 0.1375,
        "remediation": 0.0,
        "severity": 0.1,
        "conflict": 0.0,
        "efficiency": 0.004
      },
      "steps": 15,
      "success": false,
      "rewards": [
        0.01,
        0.009000000000000001,
        0.008,
        0.007,
        0.006,
        0.005,
        0.244,
        0.033,
        -0.028,
        -0.029,
        -0.03,
        -0.031,
        -0.032,
        -0.003000000000000001,
        -0.014
      ]
    }
  ],
  "model": "Qwen/Qwen2.5-7B-Instruct",
  "seed": 42
}