{
  "results": [
    {
      "task": "easy",
      "agent": "MultiPass",
      "score": 0.7844,
      "f1": 1.0,
      "precision": 1.0,
      "recall": 1.0,
      "evidence_score": 0.7333,
      "remediation_score": 0.2222,
      "steps_taken": 13,
      "cumulative_reward": 1.0733333333333333,
      "breakdown": {
        "gap_f1": 0.4,
        "evidence": 0.1833,
        "remediation": 0.0444,
        "severity": 0.1,
        "conflict": 0.05,
        "efficiency": 0.0067
      },
      "steps": 13,
      "success": true,
      "rewards": [
        0.0,
        -0.001,
        -0.002,
        0.247,
        0.11599999999999999,
        0.245,
        0.042,
        0.243,
        0.07199999999999998,
        0.1243333333333333,
        0.0,
        -0.0009999999999999992,
        -0.012
      ]
    },
    {
      "task": "medium",
      "agent": "MultiPass",
      "score": 0.7433,
      "f1": 1.0,
      "precision": 1.0,
      "recall": 1.0,
      "evidence_score": 0.693,
      "remediation_score": 0.1,
      "steps_taken": 25,
      "cumulative_reward": 1.6020000000000003,
      "breakdown": {
        "gap_f1": 0.4,
        "evidence": 0.1732,
        "remediation": 0.02,
        "severity": 0.1,
        "conflict": 0.05,
        "efficiency": 0.0
      },
      "steps": 25,
      "success": true,
      "rewards": [
        0.0,
        -0.001,
        -0.002,
        -0.003,
        -0.004,
        -0.005,
        -0.006,
        0.243,
        0.05200000000000001,
        0.241,
        0.03,
        0.239,
        0.07999999999999999,
        0.237,
        0.06599999999999998,
        -0.015,
        -0.016,
        -0.017,
        0.23199999999999998,
        0.10099999999999999,
        0.02999999999999999,
        -0.011000000000000001,
        -0.011999999999999999,
        -0.013,
        0.156
      ]
    },
    {
      "task": "hard",
      "agent": "MultiPass",
      "score": 0.7546,
      "f1": 0.9333,
      "precision": 1.0,
      "recall": 0.875,
      "evidence_score": 0.72,
      "remediation_score": 0.3333,
      "steps_taken": 39,
      "cumulative_reward": 2.158333333333333,
      "breakdown": {
        "gap_f1": 0.3733,
        "evidence": 0.18,
        "remediation": 0.0667,
        "severity": 0.1,
        "conflict": 0.0333,
        "efficiency": 0.0013
      },
      "steps": 39,
      "success": true,
      "rewards": [
        0.0,
        -0.001,
        -0.002,
        -0.003,
        -0.004,
        -0.005,
        -0.006,
        -0.007,
        -0.008,
        -0.009000000000000001,
        0.24,
        0.049000000000000016,
        0.238,
        0.047000000000000014,
        0.236,
        0.089,
        0.23399999999999999,
        0.023,
        0.23199999999999998,
        0.10099999999999999,
        -0.02,
        -0.021,
        0.228,
        0.06899999999999998,
        -0.024,
        -0.025,
        0.224,
        0.093,
        -0.028,
        -0.029,
        0.1033333333333333,
        -0.020999999999999998,
        -0.022,
        -0.023,
        -0.024,
        0.11499999999999999,
        0.013999999999999985,
        0.143,
        -0.038
      ]
    },
    {
      "task": "expert",
      "agent": "MultiPass",
      "score": 0.7818,
      "f1": 1.0,
      "precision": 1.0,
      "recall": 1.0,
      "evidence_score": 0.678,
      "remediation_score": 0.3571,
      "steps_taken": 59,
      "cumulative_reward": 3.5443333333333342,
      "breakdown": {
        "gap_f1": 0.4,
        "evidence": 0.1695,
        "remediation": 0.0714,
        "severity": 0.1,
        "conflict": 0.04,
        "efficiency": 0.0008
      },
      "steps": 59,
      "success": true,
      "rewards": [
        0.0,
        -0.001,
        -0.002,
        -0.003,
        -0.004,
        -0.005,
        -0.006,
        -0.007,
        -0.008,
        -0.009000000000000001,
        -0.01,
        -0.011,
        -0.012,
        -0.013000000000000001,
        -0.014,
        0.235,
        0.084,
        0.23299999999999998,
        0.08599999999999995,
        0.231,
        0.02,
        0.229,
        0.098,
        0.227,
        0.019999999999999997,
        0.215,
        0.164,
        0.17300000000000001,
        0.17200000000000001,
        0.171,
        0.17,
        0.009000000000000001,
        0.218,
        0.071,
        -0.034,
        0.215,
        0.064,
        -0.037,
        -0.038,
        -0.039,
        -0.04,
        0.209,
        -0.0020000000000000018,
        -0.043000000000000003,
        0.20600000000000002,
        -0.0049999999999999975,
        0.104,
        0.103,
        -0.038,
        -0.039,
        -0.04,
        -0.041,
        -0.042,
        0.097,
        0.07933333333333331,
        -0.005000000000000011,
        0.124,
        0.123,
        -0.058
      ]
    }
  ],
  "model": "Qwen/Qwen2.5-7B-Instruct",
  "seed": 42
}