{
  "results": [
    {
      "task": "easy",
      "agent": "MultiPass",
      "score": 0.7169,
      "f1": 1.0,
      "precision": 1.0,
      "recall": 1.0,
      "evidence_score": 0.4767,
      "remediation_score": 0.2222,
      "steps_taken": 14,
      "cumulative_reward": 0.8523333333333333,
      "breakdown": {
        "gap_f1": 0.4,
        "evidence": 0.1192,
        "remediation": 0.0444,
        "severity": 0.1,
        "conflict": 0.05,
        "efficiency": 0.0033
      },
      "steps": 14,
      "success": true,
      "rewards": [
        0.0,
        -0.001,
        -0.002,
        0.247,
        0.006,
        0.245,
        0.034,
        0.243,
        0.002,
        -0.029,
        0.12333333333333331,
        -0.0009999999999999992,
        -0.002,
        -0.013000000000000001
      ]
    },
    {
      "task": "medium",
      "agent": "MultiPass",
      "score": 0.6167,
      "f1": 0.8,
      "precision": 0.8,
      "recall": 0.8,
      "evidence_score": 0.552,
      "remediation_score": 0.1333,
      "steps_taken": 24,
      "cumulative_reward": 1.4100000000000001,
      "breakdown": {
        "gap_f1": 0.32,
        "evidence": 0.138,
        "remediation": 0.0267,
        "severity": 0.08,
        "conflict": 0.05,
        "efficiency": 0.002
      },
      "steps": 24,
      "success": true,
      "rewards": [
        0.0,
        -0.001,
        -0.002,
        -0.003,
        -0.004,
        -0.005,
        -0.006,
        0.243,
        0.002,
        0.241,
        0.0,
        0.239,
        0.07999999999999999,
        0.237,
        0.026000000000000002,
        0.185,
        0.04799999999999997,
        0.03299999999999999,
        -0.008000000000000002,
        -0.009,
        -0.01,
        -0.011000000000000001,
        0.158,
        -0.023
      ]
    },
    {
      "task": "hard",
      "agent": "MultiPass",
      "score": 0.6318,
      "f1": 0.75,
      "precision": 0.75,
      "recall": 0.75,
      "evidence_score": 0.6238,
      "remediation_score": 0.1875,
      "steps_taken": 36,
      "cumulative_reward": 1.5193333333333336,
      "breakdown": {
        "gap_f1": 0.3,
        "evidence": 0.1559,
        "remediation": 0.0375,
        "severity": 0.1,
        "conflict": 0.0333,
        "efficiency": 0.005
      },
      "steps": 36,
      "success": true,
      "rewards": [
        0.0,
        -0.001,
        -0.002,
        -0.003,
        -0.004,
        -0.005,
        -0.006,
        -0.007,
        -0.008,
        -0.009000000000000001,
        0.24,
        -0.0009999999999999992,
        0.238,
        0.027,
        0.236,
        0.025,
        0.23399999999999999,
        -0.007000000000000001,
        0.23199999999999998,
        -0.009,
        -0.12000000000000001,
        0.09499999999999996,
        0.228,
        0.097,
        -0.124,
        0.095,
        0.10733333333333331,
        -0.017,
        -0.018000000000000002,
        -0.019000000000000003,
        -0.019999999999999997,
        -0.020999999999999998,
        -0.022,
        -0.023,
        0.146,
        -0.035
      ]
    },
    {
      "task": "expert",
      "agent": "MultiPass",
      "score": 0.6289,
      "f1": 0.7778,
      "precision": 0.875,
      "recall": 0.7,
      "evidence_score": 0.5206,
      "remediation_score": 0.1964,
      "steps_taken": 50,
      "cumulative_reward": 2.6180000000000003,
      "breakdown": {
        "gap_f1": 0.3111,
        "evidence": 0.1302,
        "remediation": 0.0393,
        "severity": 0.1,
        "conflict": 0.04,
        "efficiency": 0.0083
      },
      "steps": 50,
      "success": true,
      "rewards": [
        0.0,
        -0.001,
        -0.002,
        -0.003,
        -0.004,
        -0.005,
        -0.006,
        -0.007,
        -0.008,
        -0.009000000000000001,
        -0.01,
        -0.011,
        -0.012,
        -0.013000000000000001,
        -0.014,
        0.235,
        0.04400000000000001,
        0.23299999999999998,
        -0.008000000000000002,
        0.231,
        -0.01,
        0.229,
        -0.011999999999999999,
        0.227,
        0.016,
        0.245,
        0.195,
        0.17300000000000001,
        0.17200000000000001,
        0.171,
        0.17,
        -0.020999999999999998,
        0.218,
        0.006999999999999999,
        0.086,
        0.05699999999999998,
        -0.05600000000000001,
        -0.056999999999999995,
        -0.057999999999999996,
        0.11099999999999999,
        0.10999999999999999,
        -0.031,
        -0.032,
        -0.033,
        -0.033999999999999996,
        -0.034999999999999996,
        -0.036,
        0.133,
        0.132,
        -0.049
      ]
    }
  ],
  "model": "Qwen/Qwen2.5-7B-Instruct",
  "seed": 42
}